Workbook

Sheet Tabelle1
B1: Lager_A | C1: Lager_B | D1: LED | E1: Löt | F1: Batt | G1: Einleg | H1: Schraub | I1: Kleb | J1: Lack | K1: Aufd | L1: Halt bohr | M1: Halt mont | N1: Test
A2: Lager_A | B2: 0 | C2: 5 | D2: 3 | E2: 1 | F2: 3 | G2: 5 | H2: 5 | I2: 7 | J2: 9 | K2: 13 | L2: 11 | M2: 11 | N2: 13
A3: Lager_B | C3: 0 | D3: 8 | E3: 6 | F3: 4 | G3: 4 | H3: 2 | I3: 0 | J3: 2 | K3: 6 | L3: 6 | M3: 6 | N3: 7
A4: LED | D4: 0 | E4: 2 | F4: 4 | G4: 6 | H4: 6 | I4: 8 | J4: 10 | K4: 14 | L4: 12 | M4: 12 | N4: 14
A5: Löt | E5: 0 | F5: 2 | G5: 4 | H5: 4 | I5: 6 | J5: 8 | K5: 12 | L5: 10 | M5: 10 | N5: 12
A6: Batt | F6: 0 | G6: 2 | H6: 2 | I6: 4 | J6: 6 | K6: 10 | L6: 8 | M6: 8 | N6: 10
A7: Einleg | G7: 0 | H7: 2 | I7: 4 | J7: 6 | K7: 10 | L7: 8 | M7: 8 | N7: 10
A8: Schraub | H8: 0 | I8: 2 | J8: 4 | K8: 8 | L8: 6 | M8: 6 | N8: 8
A9: Kleb | I9: 0 | J9: 2 | K9: 6 | L9: 6 | M9: 6 | N9: 7
A10: Lack | J10: 0 | K10: 4 | L10: 8 | M10: 8 | N10: 10
A11: Aufd | K11: 0 | L11: 4 | M11: 6 | N11: 8
A12: Halt bohr | L12: 0 | M12: 2 | N12: 4
A13: Halt mont | M13: 0 | N13: 2
A14: Test | N14: 0

Sheet Tabelle2
B1: Lager_A | C1: Lager_B | D1: LED | E1: Löt | F1: Batt | G1: Einleg | H1: Schraub | I1: Kleb | J1: Lack | K1: Aufd | L1: Halt bohr | M1: Halt mont | N1: Test
A2: Lager_A | B2: 0 | C2: 5 | D2: 3 | E2: 1 | F2: 3 | G2: 5 | H2: 5 | I2: 7 | J2: 9 | K2: 13 | L2: 11 | M2: 11 | N2: 13
A3: Lager_B | C3: 0 | D3: 8 | E3: 6 | F3: 4 | G3: 4 | H3: 2 | I3: 0 | J3: 2 | K3: 6 | L3: 6 | M3: 6 | N3: 7
A4: LED | D4: 0 | E4: 2 | F4: 4 | G4: 6 | H4: 6 | I4: 8 | J4: 10 | K4: 14 | L4: 12 | M4: 12 | N4: 14
A5: Löt | E5: 0 | F5: 2 | G5: 4 | H5: 4 | I5: 6 | J5: 8 | K5: 12 | L5: 10 | M5: 10 | N5: 12
A6: Batt | F6: 0 | G6: 2 | H6: 2 | I6: 4 | J6: 6 | K6: 10 | L6: 8 | M6: 8 | N6: 10
A7: Einleg | G7: 0 | H7: 2 | I7: 4 | J7: 6 | K7: 10 | L7: 8 | M7: 8 | N7: 10
A8: Schraub | H8: 0 | I8: 2 | J8: 4 | K8: 8 | L8: 6 | M8: 6 | N8: 8
A9: Kleb | I9: 0 | J9: 2 | K9: 6 | L9: 6 | M9: 6 | N9: 7
A10: Lack | J10: 0 | K10: 4 | L10: 8 | M10: 8 | N10: 10
A11: Aufd | K11: 0 | L11: 4 | M11: 6 | N11: 8
A12: Halt bohr | L12: 0 | M12: 2 | N12: 4
A13: Halt mont | M13: 0 | N13: 2
A14: Test | N14: 0
A16: Lager_A
A17: Lager_B | B17: 5
A18: LED | B18: 3 | C18: 8
A19: Löt | B19: 1 | C19: 6 | D19: 2
A20: Batt | B20: 3 | C20: 4 | D20: 4 | E20: 2
A21: Einleg | B21: 5 | C21: 4 | D21: 6 | E21: 4 | F21: 2
A22: Schraub | B22: 5 | C22: 2 | D22: 6 | E22: 4 | F22: 2 | G22: 2
A23: Kleb | B23: 7 | C23: 0 | D23: 8 | E23: 6 | F23: 4 | G23: 4 | H23: 2
A24: Lack | B24: 9 | C24: 2 | D24: 10 | E24: 8 | F24: 6 | G24: 6 | H24: 4 | I24: 2
A25: Aufd | B25: 13 | C25: 6 | D25: 14 | E25: 12 | F25: 10 | G25: 10 | H25: 8 | I25: 6 | J25: 4
A26: Halt bohr | B26: 11 | C26: 6 | D26: 12 | E26: 10 | F26: 8 | G26: 8 | H26: 6 | I26: 6 | J26: 8 | K26: 4
A27: Halt mont | B27: 11 | C27: 6 | D27: 12 | E27: 10 | F27: 8 | G27: 8 | H27: 6 | I27: 6 | J27: 8 | K27: 6 | L27: 2
A28: Test | B28: 13 | C28: 7 | D28: 14 | E28: 12 | F28: 10 | G28: 10 | H28: 8 | I28: 7 | J28: 10 | K28: 8 | L28: 4 | M28: 2

Sheet Distanzmetrik
B1: Lager_A | C1: Lager_B | D1: LED | E1: Löt | F1: Batt | G1: Einleg | H1: Schraub | I1: Kleb | J1: Lack | K1: Aufd | L1: Halt bohr | M1: Halt mont | N1: Test
A2: Lager_A | B2: =IF(Tabelle2!B2<>"",Tabelle2!B2,Tabelle2!B16) -> 0 | C2: =IF(Tabelle2!C2<>"",Tabelle2!C2,Tabelle2!C16) -> 5 | D2: =IF(Tabelle2!D2<>"",Tabelle2!D2,Tabelle2!D16) -> 3 | E2: =IF(Tabelle2!E2<>"",Tabelle2!E2,Tabelle2!E16) -> 1 | F2: =IF(Tabelle2!F2<>"",Tabelle2!F2,Tabelle2!F16) -> 3 | G2: =IF(Tabelle2!G2<>"",Tabelle2!G2,Tabelle2!G16) -> 5 | H2: =IF(Tabelle2!H2<>"",Tabelle2!H2,Tabelle2!H16) -> 5 | I2: =IF(Tabelle2!I2<>"",Tabelle2!I2,Tabelle2!I16) -> 7 | ... N2: =IF(Tabelle2!N2<>"",Tabelle2!N2,Tabelle2!N16) -> 13
A3: Lager_B | B3: =IF(Tabelle2!B3<>"",Tabelle2!B3,Tabelle2!B17) -> 5 | C3: =IF(Tabelle2!C3<>"",Tabelle2!C3,Tabelle2!C17) -> 0 | D3: =IF(Tabelle2!D3<>"",Tabelle2!D3,Tabelle2!D17) -> 8 | E3: =IF(Tabelle2!E3<>"",Tabelle2!E3,Tabelle2!E17) -> 6 | F3: =IF(Tabelle2!F3<>"",Tabelle2!F3,Tabelle2!F17) -> 4 | G3: =IF(Tabelle2!G3<>"",Tabelle2!G3,Tabelle2!G17) -> 4 | H3: =IF(Tabelle2!H3<>"",Tabelle2!H3,Tabelle2!H17) -> 2 | I3: =IF(Tabelle2!I3<>"",Tabelle2!I3,Tabelle2!I17) -> 0 | ... N3: =IF(Tabelle2!N3<>"",Tabelle2!N3,Tabelle2!N17) -> 7
A4: LED | B4: =IF(Tabelle2!B4<>"",Tabelle2!B4,Tabelle2!B18) -> 3 | C4: =IF(Tabelle2!C4<>"",Tabelle2!C4,Tabelle2!C18) -> 8 | D4: =IF(Tabelle2!D4<>"",Tabelle2!D4,Tabelle2!D18) -> 0 | E4: =IF(Tabelle2!E4<>"",Tabelle2!E4,Tabelle2!E18) -> 2 | F4: =IF(Tabelle2!F4<>"",Tabelle2!F4,Tabelle2!F18) -> 4 | G4: =IF(Tabelle2!G4<>"",Tabelle2!G4,Tabelle2!G18) -> 6 | H4: =IF(Tabelle2!H4<>"",Tabelle2!H4,Tabelle2!H18) -> 6 | I4: =IF(Tabelle2!I4<>"",Tabelle2!I4,Tabelle2!I18) -> 8 | ... N4: =IF(Tabelle2!N4<>"",Tabelle2!N4,Tabelle2!N18) -> 14
A5: Löt | B5: =IF(Tabelle2!B5<>"",Tabelle2!B5,Tabelle2!B19) -> 1 | C5: =IF(Tabelle2!C5<>"",Tabelle2!C5,Tabelle2!C19) -> 6 | D5: =IF(Tabelle2!D5<>"",Tabelle2!D5,Tabelle2!D19) -> 2 | E5: =IF(Tabelle2!E5<>"",Tabelle2!E5,Tabelle2!E19) -> 0 | F5: =IF(Tabelle2!F5<>"",Tabelle2!F5,Tabelle2!F19) -> 2 | G5: =IF(Tabelle2!G5<>"",Tabelle2!G5,Tabelle2!G19) -> 4 | H5: =IF(Tabelle2!H5<>"",Tabelle2!H5,Tabelle2!H19) -> 4 | I5: =IF(Tabelle2!I5<>"",Tabelle2!I5,Tabelle2!I19) -> 6 | ... N5: =IF(Tabelle2!N5<>"",Tabelle2!N5,Tabelle2!N19) -> 12
A6: Batt | B6: =IF(Tabelle2!B6<>"",Tabelle2!B6,Tabelle2!B20) -> 3 | C6: =IF(Tabelle2!C6<>"",Tabelle2!C6,Tabelle2!C20) -> 4 | D6: =IF(Tabelle2!D6<>"",Tabelle2!D6,Tabelle2!D20) -> 4 | E6: =IF(Tabelle2!E6<>"",Tabelle2!E6,Tabelle2!E20) -> 2 | F6: =IF(Tabelle2!F6<>"",Tabelle2!F6,Tabelle2!F20) -> 0 | G6: =IF(Tabelle2!G6<>"",Tabelle2!G6,Tabelle2!G20) -> 2 | H6: =IF(Tabelle2!H6<>"",Tabelle2!H6,Tabelle2!H20) -> 2 | I6: =IF(Tabelle2!I6<>"",Tabelle2!I6,Tabelle2!I20) -> 4 | ... N6: =IF(Tabelle2!N6<>"",Tabelle2!N6,Tabelle2!N20) -> 10
A7: Einleg | B7: =IF(Tabelle2!B7<>"",Tabelle2!B7,Tabelle2!B21) -> 5 | C7: =IF(Tabelle2!C7<>"",Tabelle2!C7,Tabelle2!C21) -> 4 | D7: =IF(Tabelle2!D7<>"",Tabelle2!D7,Tabelle2!D21) -> 6 | E7: =IF(Tabelle2!E7<>"",Tabelle2!E7,Tabelle2!E21) -> 4 | F7: =IF(Tabelle2!F7<>"",Tabelle2!F7,Tabelle2!F21) -> 2 | G7: =IF(Tabelle2!G7<>"",Tabelle2!G7,Tabelle2!G21) -> 0 | H7: =IF(Tabelle2!H7<>"",Tabelle2!H7,Tabelle2!H21) -> 2 | I7: =IF(Tabelle2!I7<>"",Tabelle2!I7,Tabelle2!I21) -> 4 | ... N7: =IF(Tabelle2!N7<>"",Tabelle2!N7,Tabelle2!N21) -> 10
A8: Schraub | B8: =IF(Tabelle2!B8<>"",Tabelle2!B8,Tabelle2!B22) -> 5 | C8: =IF(Tabelle2!C8<>"",Tabelle2!C8,Tabelle2!C22) -> 2 | D8: =IF(Tabelle2!D8<>"",Tabelle2!D8,Tabelle2!D22) -> 6 | E8: =IF(Tabelle2!E8<>"",Tabelle2!E8,Tabelle2!E22) -> 4 | F8: =IF(Tabelle2!F8<>"",Tabelle2!F8,Tabelle2!F22) -> 2 | G8: =IF(Tabelle2!G8<>"",Tabelle2!G8,Tabelle2!G22) -> 2 | H8: =IF(Tabelle2!H8<>"",Tabelle2!H8,Tabelle2!H22) -> 0 | I8: =IF(Tabelle2!I8<>"",Tabelle2!I8,Tabelle2!I22) -> 2 | ... N8: =IF(Tabelle2!N8<>"",Tabelle2!N8,Tabelle2!N22) -> 8
A9: Kleb | B9: =IF(Tabelle2!B9<>"",Tabelle2!B9,Tabelle2!B23) -> 7 | C9: =IF(Tabelle2!C9<>"",Tabelle2!C9,Tabelle2!C23) -> 0 | D9: =IF(Tabelle2!D9<>"",Tabelle2!D9,Tabelle2!D23) -> 8 | E9: =IF(Tabelle2!E9<>"",Tabelle2!E9,Tabelle2!E23) -> 6 | F9: =IF(Tabelle2!F9<>"",Tabelle2!F9,Tabelle2!F23) -> 4 | G9: =IF(Tabelle2!G9<>"",Tabelle2!G9,Tabelle2!G23) -> 4 | H9: =IF(Tabelle2!H9<>"",Tabelle2!H9,Tabelle2!H23) -> 2 | I9: =IF(Tabelle2!I9<>"",Tabelle2!I9,Tabelle2!I23) -> 0 | ... N9: =IF(Tabelle2!N9<>"",Tabelle2!N9,Tabelle2!N23) -> 7
A10: Lack | B10: =IF(Tabelle2!B10<>"",Tabelle2!B10,Tabelle2!B24) -> 9 | C10: =IF(Tabelle2!C10<>"",Tabelle2!C10,Tabelle2!C24) -> 2 | D10: =IF(Tabelle2!D10<>"",Tabelle2!D10,Tabelle2!D24) -> 10 | E10: =IF(Tabelle2!E10<>"",Tabelle2!E10,Tabelle2!E24) -> 8 | F10: =IF(Tabelle2!F10<>"",Tabelle2!F10,Tabelle2!F24) -> 6 | G10: =IF(Tabelle2!G10<>"",Tabelle2!G10,Tabelle2!G24) -> 6 | H10: =IF(Tabelle2!H10<>"",Tabelle2!H10,Tabelle2!H24) -> 4 | I10: =IF(Tabelle2!I10<>"",Tabelle2!I10,Tabelle2!I24) -> 2 | ... N10: =IF(Tabelle2!N10<>"",Tabelle2!N10,Tabelle2!N24) -> 10
A11: Aufd | B11: =IF(Tabelle2!B11<>"",Tabelle2!B11,Tabelle2!B25) -> 13 | C11: =IF(Tabelle2!C11<>"",Tabelle2!C11,Tabelle2!C25) -> 6 | D11: =IF(Tabelle2!D11<>"",Tabelle2!D11,Tabelle2!D25) -> 14 | E11: =IF(Tabelle2!E11<>"",Tabelle2!E11,Tabelle2!E25) -> 12 | F11: =IF(Tabelle2!F11<>"",Tabelle2!F11,Tabelle2!F25) -> 10 | G11: =IF(Tabelle2!G11<>"",Tabelle2!G11,Tabelle2!G25) -> 10 | H11: =IF(Tabelle2!H11<>"",Tabelle2!H11,Tabelle2!H25) -> 8 | I11: =IF(Tabelle2!I11<>"",Tabelle2!I11,Tabelle2!I25) -> 6 | ... N11: =IF(Tabelle2!N11<>"",Tabelle2!N11,Tabelle2!N25) -> 8
A12: Halt bohr | B12: =IF(Tabelle2!B12<>"",Tabelle2!B12,Tabelle2!B26) -> 11 | C12: =IF(Tabelle2!C12<>"",Tabelle2!C12,Tabelle2!C26) -> 6 | D12: =IF(Tabelle2!D12<>"",Tabelle2!D12,Tabelle2!D26) -> 12 | E12: =IF(Tabelle2!E12<>"",Tabelle2!E12,Tabelle2!E26) -> 10 | F12: =IF(Tabelle2!F12<>"",Tabelle2!F12,Tabelle2!F26) -> 8 | G12: =IF(Tabelle2!G12<>"",Tabelle2!G12,Tabelle2!G26) -> 8 | H12: =IF(Tabelle2!H12<>"",Tabelle2!H12,Tabelle2!H26) -> 6 | I12: =IF(Tabelle2!I12<>"",Tabelle2!I12,Tabelle2!I26) -> 6 | ... N12: =IF(Tabelle2!N12<>"",Tabelle2!N12,Tabelle2!N26) -> 4
A13: Halt mont | B13: =IF(Tabelle2!B13<>"",Tabelle2!B13,Tabelle2!B27) -> 11 | C13: =IF(Tabelle2!C13<>"",Tabelle2!C13,Tabelle2!C27) -> 6 | D13: =IF(Tabelle2!D13<>"",Tabelle2!D13,Tabelle2!D27) -> 12 | E13: =IF(Tabelle2!E13<>"",Tabelle2!E13,Tabelle2!E27) -> 10 | F13: =IF(Tabelle2!F13<>"",Tabelle2!F13,Tabelle2!F27) -> 8 | G13: =IF(Tabelle2!G13<>"",Tabelle2!G13,Tabelle2!G27) -> 8 | H13: =IF(Tabelle2!H13<>"",Tabelle2!H13,Tabelle2!H27) -> 6 | I13: =IF(Tabelle2!I13<>"",Tabelle2!I13,Tabelle2!I27) -> 6 | ... N13: =IF(Tabelle2!N13<>"",Tabelle2!N13,Tabelle2!N27) -> 2
A14: Test | B14: =IF(Tabelle2!B14<>"",Tabelle2!B14,Tabelle2!B28) -> 13 | C14: =IF(Tabelle2!C14<>"",Tabelle2!C14,Tabelle2!C28) -> 7 | D14: =IF(Tabelle2!D14<>"",Tabelle2!D14,Tabelle2!D28) -> 14 | E14: =IF(Tabelle2!E14<>"",Tabelle2!E14,Tabelle2!E28) -> 12 | F14: =IF(Tabelle2!F14<>"",Tabelle2!F14,Tabelle2!F28) -> 10 | G14: =IF(Tabelle2!G14<>"",Tabelle2!G14,Tabelle2!G28) -> 10 | H14: =IF(Tabelle2!H14<>"",Tabelle2!H14,Tabelle2!H28) -> 8 | I14: =IF(Tabelle2!I14<>"",Tabelle2!I14,Tabelle2!I28) -> 7 | ... N14: =IF(Tabelle2!N14<>"",Tabelle2!N14,Tabelle2!N28) -> 0

Sheet Stationsnummer
A1: Lager_A | B1: 0
A2: Lager_B | B2: 1
A3: LED | B3: 2
A4: Loet | B4: 3
A5: Batt | B5: 4
A6: Einleg | B6: 5
A7: Schraub | B7: 6
A8: Kleb | B8: 7
A9: Lack | B9: 8
A10: Aufd | B10: 9
A11: Halt bohr | B11: 10
A12: Halt mont | B12: 11
A13: Test | B13: 12

Sheet Auftragsspanne
A1: =Stationsnummer!A1 -> Lager_A | B1: 0 | C1: 0
A2: =Stationsnummer!A2 -> Lager_B | B2: 0 | C2: 0
A3: =Stationsnummer!A3 -> LED | B3: 0 | C3: 3
A4: =Stationsnummer!A4 -> Loet | B4: 0 | C4: 3
A5: =Stationsnummer!A5 -> Batt | B5: 0 | C5: 2
A6: =Stationsnummer!A6 -> Einleg | B6: 0 | C6: 1
A7: =Stationsnummer!A7 -> Schraub | B7: 0 | C7: 3
A8: =Stationsnummer!A8 -> Kleb | B8: 0 | C8: 2
A9: =Stationsnummer!A9 -> Lack | B9: 0 | C9: 3
A10: =Stationsnummer!A10 -> Aufd | B10: 0 | C10: 4
A11: =Stationsnummer!A11 -> Halt bohr | B11: 0 | C11: 2
A12: =Stationsnummer!A12 -> Halt mont | B12: 0 | C12: 4
A13: =Stationsnummer!A13 -> Test | B13: 0 | C13: 2

Sheet Stationsposition
A1: 0 | B1: 3 | C1: 4
A2: 1 | B2: 5 | C2: 5
A3: 2 | B3: 1 | C3: 1
A4: 3 | B4: 3 | C4: 1
A5: 4 | B5: 5 | C5: 1
A6: 5 | B6: 7 | C6: 1
A7: 6 | B7: 7 | C7: 3
A8: 7 | B8: 7 | C8: 5
A9: 8 | B9: 7 | C9: 7
A10: 9 | B10: 9 | C10: 7
A11: 10 | B11: 9 | C11: 5
A12: 11 | B12: 9 | C12: 3
A13: 12 | B13: 9 | C13: 1
